agents,utilities
"('SHUCT' / 'SHUCTAnyTime')","1.0;-1.0"
"('SHUCT' / 'SHUCTAnyTime')","1.0;-1.0"
"('SHUCT' / 'SHUCTAnyTime')","1.0;-1.0"
"('SHUCT' / 'SHUCTAnyTime')","1.0;-1.0"
"('SHUCT' / 'SHUCTAnyTime')","-1.0;1.0"
"('SHUCT' / 'SHUCTAnyTime')","1.0;-1.0"
"('SHUCT' / 'SHUCTAnyTime')","-1.0;1.0"
"('SHUCT' / 'SHUCTAnyTime')","-1.0;1.0"
"('SHUCT' / 'SHUCTAnyTime')","1.0;-1.0"
"('SHUCT' / 'SHUCTAnyTime')","1.0;-1.0"
"('SHUCT' / 'SHUCTAnyTime')","1.0;-1.0"
"('SHUCT' / 'SHUCTAnyTime')","-1.0;1.0"
"('SHUCT' / 'SHUCTAnyTime')","-1.0;1.0"
"('SHUCT' / 'SHUCTAnyTime')","-1.0;1.0"
"('SHUCT' / 'SHUCTAnyTime')","1.0;-1.0"
"('SHUCT' / 'SHUCTAnyTime')","1.0;-1.0"
"('SHUCT' / 'SHUCTAnyTime')","-1.0;1.0"
"('SHUCT' / 'SHUCTAnyTime')","1.0;-1.0"
"('SHUCT' / 'SHUCTAnyTime')","1.0;-1.0"
"('SHUCT' / 'SHUCTAnyTime')","1.0;-1.0"
"('SHUCT' / 'SHUCTAnyTime')","1.0;-1.0"
"('SHUCT' / 'SHUCTAnyTime')","1.0;-1.0"
"('SHUCT' / 'SHUCTAnyTime')","0.0;0.0"
"('SHUCT' / 'SHUCTAnyTime')","-1.0;1.0"
"('SHUCT' / 'SHUCTAnyTime')","0.0;0.0"
"('SHUCT' / 'SHUCTAnyTime')","1.0;-1.0"
"('SHUCT' / 'SHUCTAnyTime')","1.0;-1.0"
"('SHUCT' / 'SHUCTAnyTime')","-1.0;1.0"
"('SHUCT' / 'SHUCTAnyTime')","1.0;-1.0"
"('SHUCT' / 'SHUCTAnyTime')","1.0;-1.0"
"('SHUCT' / 'SHUCTAnyTime')","-1.0;1.0"
"('SHUCT' / 'SHUCTAnyTime')","1.0;-1.0"
"('SHUCT' / 'SHUCTAnyTime')","1.0;-1.0"
"('SHUCT' / 'SHUCTAnyTime')","-1.0;1.0"
"('SHUCT' / 'SHUCTAnyTime')","1.0;-1.0"
"('SHUCT' / 'SHUCTAnyTime')","1.0;-1.0"
"('SHUCT' / 'SHUCTAnyTime')","1.0;-1.0"
"('SHUCT' / 'SHUCTAnyTime')","1.0;-1.0"
"('SHUCT' / 'SHUCTAnyTime')","1.0;-1.0"
"('SHUCT' / 'SHUCTAnyTime')","-1.0;1.0"
"('SHUCT' / 'SHUCTAnyTime')","1.0;-1.0"
"('SHUCT' / 'SHUCTAnyTime')","1.0;-1.0"
"('SHUCT' / 'SHUCTAnyTime')","1.0;-1.0"
"('SHUCT' / 'SHUCTAnyTime')","-1.0;1.0"
"('SHUCT' / 'SHUCTAnyTime')","-1.0;1.0"
"('SHUCT' / 'SHUCTAnyTime')","-1.0;1.0"
"('SHUCT' / 'SHUCTAnyTime')","-1.0;1.0"
"('SHUCT' / 'SHUCTAnyTime')","-1.0;1.0"
"('SHUCT' / 'SHUCTAnyTime')","-1.0;1.0"
"('SHUCT' / 'SHUCTAnyTime')","-1.0;1.0"
"('SHUCT' / 'SHUCTAnyTime')","-1.0;1.0"
"('SHUCT' / 'SHUCTAnyTime')","-1.0;1.0"
"('SHUCT' / 'SHUCTAnyTime')","1.0;-1.0"
"('SHUCT' / 'SHUCTAnyTime')","-1.0;1.0"
"('SHUCT' / 'SHUCTAnyTime')","-1.0;1.0"
"('SHUCT' / 'SHUCTAnyTime')","-1.0;1.0"
"('SHUCT' / 'SHUCTAnyTime')","1.0;-1.0"
"('SHUCT' / 'SHUCTAnyTime')","-1.0;1.0"
"('SHUCT' / 'SHUCTAnyTime')","-1.0;1.0"
"('SHUCT' / 'SHUCTAnyTime')","-1.0;1.0"
"('SHUCT' / 'SHUCTAnyTime')","-1.0;1.0"
"('SHUCT' / 'SHUCTAnyTime')","1.0;-1.0"
"('SHUCT' / 'SHUCTAnyTime')","1.0;-1.0"
"('SHUCT' / 'SHUCTAnyTime')","-1.0;1.0"
"('SHUCT' / 'SHUCTAnyTime')","1.0;-1.0"
"('SHUCT' / 'SHUCTAnyTime')","-1.0;1.0"
"('SHUCT' / 'SHUCTAnyTime')","-1.0;1.0"
"('SHUCT' / 'SHUCTAnyTime')","-1.0;1.0"
"('SHUCT' / 'SHUCTAnyTime')","-1.0;1.0"
"('SHUCT' / 'SHUCTAnyTime')","1.0;-1.0"
"('SHUCT' / 'SHUCTAnyTime')","1.0;-1.0"
"('SHUCT' / 'SHUCTAnyTime')","-1.0;1.0"
"('SHUCT' / 'SHUCTAnyTime')","1.0;-1.0"
"('SHUCT' / 'SHUCTAnyTime')","-1.0;1.0"
"('SHUCT' / 'SHUCTAnyTime')","1.0;-1.0"
"('SHUCTAnyTime' / 'SHUCT')","1.0;-1.0"
"('SHUCTAnyTime' / 'SHUCT')","1.0;-1.0"
"('SHUCTAnyTime' / 'SHUCT')","-1.0;1.0"
"('SHUCTAnyTime' / 'SHUCT')","1.0;-1.0"
"('SHUCTAnyTime' / 'SHUCT')","-1.0;1.0"
"('SHUCTAnyTime' / 'SHUCT')","-1.0;1.0"
"('SHUCTAnyTime' / 'SHUCT')","1.0;-1.0"
"('SHUCTAnyTime' / 'SHUCT')","-1.0;1.0"
"('SHUCTAnyTime' / 'SHUCT')","1.0;-1.0"
"('SHUCTAnyTime' / 'SHUCT')","1.0;-1.0"
"('SHUCTAnyTime' / 'SHUCT')","1.0;-1.0"
"('SHUCTAnyTime' / 'SHUCT')","1.0;-1.0"
"('SHUCTAnyTime' / 'SHUCT')","1.0;-1.0"
"('SHUCTAnyTime' / 'SHUCT')","-1.0;1.0"
"('SHUCTAnyTime' / 'SHUCT')","1.0;-1.0"
"('SHUCTAnyTime' / 'SHUCT')","1.0;-1.0"
"('SHUCTAnyTime' / 'SHUCT')","-1.0;1.0"
"('SHUCTAnyTime' / 'SHUCT')","-1.0;1.0"
"('SHUCTAnyTime' / 'SHUCT')","-1.0;1.0"
"('SHUCTAnyTime' / 'SHUCT')","1.0;-1.0"
"('SHUCTAnyTime' / 'SHUCT')","1.0;-1.0"
"('SHUCTAnyTime' / 'SHUCT')","-1.0;1.0"
"('SHUCTAnyTime' / 'SHUCT')","1.0;-1.0"
"('SHUCTAnyTime' / 'SHUCT')","-1.0;1.0"
"('SHUCTAnyTime' / 'SHUCT')","-1.0;1.0"
"('SHUCTAnyTime' / 'SHUCT')","1.0;-1.0"
"('SHUCTAnyTime' / 'SHUCT')","-1.0;1.0"
"('SHUCTAnyTime' / 'SHUCT')","1.0;-1.0"
"('SHUCTAnyTime' / 'SHUCT')","1.0;-1.0"
"('SHUCTAnyTime' / 'SHUCT')","1.0;-1.0"
"('SHUCTAnyTime' / 'SHUCT')","-1.0;1.0"
"('SHUCTAnyTime' / 'SHUCT')","1.0;-1.0"
"('SHUCTAnyTime' / 'SHUCT')","-1.0;1.0"
"('SHUCTAnyTime' / 'SHUCT')","1.0;-1.0"
"('SHUCTAnyTime' / 'SHUCT')","1.0;-1.0"
"('SHUCTAnyTime' / 'SHUCT')","1.0;-1.0"
"('SHUCTAnyTime' / 'SHUCT')","-1.0;1.0"
"('SHUCTAnyTime' / 'SHUCT')","1.0;-1.0"
"('SHUCTAnyTime' / 'SHUCT')","1.0;-1.0"
"('SHUCTAnyTime' / 'SHUCT')","-1.0;1.0"
"('SHUCTAnyTime' / 'SHUCT')","-1.0;1.0"
"('SHUCTAnyTime' / 'SHUCT')","1.0;-1.0"
"('SHUCTAnyTime' / 'SHUCT')","1.0;-1.0"
"('SHUCTAnyTime' / 'SHUCT')","-1.0;1.0"
"('SHUCTAnyTime' / 'SHUCT')","1.0;-1.0"
"('SHUCTAnyTime' / 'SHUCT')","1.0;-1.0"
"('SHUCTAnyTime' / 'SHUCT')","1.0;-1.0"
"('SHUCTAnyTime' / 'SHUCT')","1.0;-1.0"
"('SHUCTAnyTime' / 'SHUCT')","1.0;-1.0"
"('SHUCTAnyTime' / 'SHUCT')","-1.0;1.0"
"('SHUCTAnyTime' / 'SHUCT')","1.0;-1.0"
"('SHUCTAnyTime' / 'SHUCT')","-1.0;1.0"
"('SHUCTAnyTime' / 'SHUCT')","-1.0;1.0"
"('SHUCTAnyTime' / 'SHUCT')","1.0;-1.0"
"('SHUCTAnyTime' / 'SHUCT')","-1.0;1.0"
"('SHUCTAnyTime' / 'SHUCT')","-1.0;1.0"
"('SHUCTAnyTime' / 'SHUCT')","-1.0;1.0"
"('SHUCTAnyTime' / 'SHUCT')","1.0;-1.0"
"('SHUCTAnyTime' / 'SHUCT')","1.0;-1.0"
"('SHUCTAnyTime' / 'SHUCT')","-1.0;1.0"
"('SHUCTAnyTime' / 'SHUCT')","-1.0;1.0"
"('SHUCTAnyTime' / 'SHUCT')","1.0;-1.0"
"('SHUCTAnyTime' / 'SHUCT')","-1.0;1.0"
"('SHUCTAnyTime' / 'SHUCT')","-1.0;1.0"
"('SHUCTAnyTime' / 'SHUCT')","-1.0;1.0"
"('SHUCTAnyTime' / 'SHUCT')","-1.0;1.0"
"('SHUCTAnyTime' / 'SHUCT')","1.0;-1.0"
"('SHUCTAnyTime' / 'SHUCT')","-1.0;1.0"
"('SHUCTAnyTime' / 'SHUCT')","1.0;-1.0"
"('SHUCTAnyTime' / 'SHUCT')","1.0;-1.0"
"('SHUCTAnyTime' / 'SHUCT')","-1.0;1.0"
"('SHUCTAnyTime' / 'SHUCT')","1.0;-1.0"
"('SHUCTAnyTime' / 'SHUCT')","1.0;-1.0"
"('SHUCTAnyTime' / 'SHUCT')","1.0;-1.0"
"('SHUCTAnyTime' / 'SHUCT')","1.0;-1.0"
